player,fname,lname,conference,college,games,years,receptions,rec_yards,rec_td,team_games,team_rec,team_rec_yards,team_td,share_yards,share_tds,games_missed,height,weight,dob,speed_score,year,nfl_yards_game
AA-1100,Aundrae,Allison,24312,East Carolina,21,2,145,1732,11,23,473,5864,27,0.29536152796725784,0.4074074074074074,2,72,198,1986-04-20,106.6196137697109,1986,10.5714
AA-1700,Adrian,Arrington,827,Michigan,26,2,107,1426,16,24,431,5414,47,0.26339120797931287,0.3404255319148936,-2,75,192,1985-11-07,89.59538453109731,1985,26.2
AB-1200,Arrelious,Benn,827,Illinois,36,3,159,2221,7,36,589,7742,52,0.28687677602686645,0.1346153846153846,0,73,220,1988-09-08,100.8760053944435,1988,22.7442
AB-1700,Armon,Binns,823,Cincinnati,27,4,138,2008,21,49,1138,14405,128,0.1393960430406109,0.1640625,22,75,209,1989-09-08,101.93568053650358,1989,30.7778
AB-3500,Antonio,Brown,25354,Kansas State,2,1,2,9,0,12,214,2610,10,0.0034482758620689655,0,10,70,186,1988-07-10,86.03666530535573,1988,81.9273
AB-3500,Antonio,Brown,875,Central Michigan,41,3,305,3199,22,38,1008,11088,84,0.288510101010101,0.2619047619047619,-3,70,186,1988-07-10,86.03666530535573,1988,81.9273
AB-3500,Antonio,Brown,876,Hampton,1,1,0,0,0,12,188,2128,20,0,0,11,70,186,1988-07-10,86.03666530535573,1988,81.9273
AC-0100,Andre,Caldwell,911,Florida,38,4,166,2175,16,47,980,12626,110,0.17226358308252812,0.14545454545454545,9,72,200,1985-04-15,111.7128067614037,1985,16.9787
AC-2100,Austin,Collie,99001,Brigham Young,25,2,162,2484,22,24,638,7914,61,0.31387414708112205,0.36065573770491804,-1,72,200,1985-11-11,92.51254333909218,1985,43.549
AC-2350,Amari,Cooper,911,Alabama,37,3,219,3392,29,38,773,10565,95,0.3210601041173687,0.30526315789473685,1,73,211,1994-06-17,122.29349881099967,1994,66.4848
AD-1450,Aaron,Dobson,24312,Marshall,39,4,165,2398,24,48,1139,12469,97,0.19231694602614485,0.24742268041237114,9,75,210,1991-06-13,115.16580364497754,1991,33.2273
AG-1100,Anthony,Gonzalez,827,Ohio State,28,3,87,1286,13,34,584,7619,63,0.1687885549284683,0.20634920634920634,6,72,193,1984-09-18,99.3242796953008,1984,43.6176
AG-1500,A.J.,Green,911,Georgia,32,3,166,2619,23,36,654,9384,76,0.2790920716112532,0.3026315789473684,4,76,211,1988-07-31,112.59049928283584,1988,82.7753
AH-1900,Andrew,Hawkins,875,Toledo,12,1,29,246,0,12,243,2886,19,0.08523908523908524,0,0,67,175,1986-03-10,95.09804793721617,1986,32.3947
AH-3862,Adam,Humphries,821,Clemson,43,4,122,1069,3,49,1294,16300,140,0.06558282208588957,0.02142857142857143,6,71,190,1993-01-24,90.23827579889748,1993,33.9231
AH-3900,Allen,Hurns,821,Miami (FL),32,3,121,1891,14,36,726,9983,69,0.18942201742963038,0.2028985507246377,4,73,198,1991-11-12,93.21198883893129,1991,52
AJ-0430,Alshon,Jeffery,911,South Carolina,38,3,183,3042,23,37,687,8638,60,0.35216485297522576,0.38333333333333336,-1,75,216,1990-02-14,107.24367573081524,1990,72.2063
AJ-0460,A.J.,Jenkins,827,Illinois,43,4,167,2432,19,48,798,9919,69,0.24518600665389656,0.2753623188405797,5,72,192,1989-09-30,105.29444904683662,1989,15.625
AJ-0500,Adam,Jennings,5486,Fresno State,35,3,55,676,8,36,713,8208,69,0.08235867446393762,0.11594202898550725,1,69,181,1982-11-17,93.14867681269142,1982,1.8788
AM-2200,Anthony,Mix,911,Auburn,27,3,63,817,6,35,609,8175,55,0.0999388379204893,0.10909090909090909,8,77,235,1983-01-20,116.67714720713695,1983,39
AP-0900,Austin,Pettis,5486,Boise State,49,4,229,2838,39,49,1200,15312,142,0.1853448275862069,0.2746478873239437,0,75,209,1988-05-07,96.67560778935132,1988,24.0465
AR-1200,Aldrick,Robinson,823,SMU,42,4,181,3314,30,49,1109,13841,108,0.239433566938805,0.2777777777777778,7,70,184,1988-09-24,102.77578222049141,1988,23.641
AR-1250,Allen,Robinson,827,Penn State,27,3,177,2474,17,36,694,8699,55,0.284400505805265,0.3090909090909091,9,75,220,1993-08-24,100.8760053944435,1993,67.4048
AS-0150,Ace,Sanders,911,South Carolina,35,3,99,1231,13,37,668,8793,71,0.13999772546343683,0.18309859154929578,2,67,173,1991-11-11,82.16432480636455,1991,19.963
AT-1300,Andrew,Turzilli,25354,Kansas,14,3,27,491,2,36,493,5507,31,0.08915925186126748,0.06451612903225806,22,75,195,1991-10-13,93.43527491990505,1991,25
AT-1300,Andrew,Turzilli,823,Rutgers,7,1,9,313,3,12,199,2962,22,0.10567184334908845,0.13636363636363635,5,75,195,1991-10-13,93.43527491990505,1991,25
BB-0600,Brandon,Banks,25354,Kansas State,24,2,123,1754,10,24,425,5268,29,0.332953682611997,0.3448275862068966,0,67,150,1987-12-21,82.2612883178411,1987,0.8537
BB-1900,Bernard,Berrian,5486,Fresno State,14,1,63,668,4,13,267,2690,15,0.2483271375464684,0.26666666666666666,-1,73,190,1980-12-27,86.36179980930376,1980,41.3333
BB-2050,Brenton,Bersin,912,Wofford,39,4,86,1838,19,47,220,3829,36,0.48002089318359886,0.5277777777777778,8,75,211,1990-05-09,88.72477949809313,1990,12.6667
BB-4100,Brice,Butler,5486,San Diego State,11,1,24,347,4,12,182,2292,21,0.15139616055846422,0.19047619047619047,1,75,205,1990-01-29,112.42376070104952,1990,20.4762
BB-4100,Brice,Butler,905,USC,25,3,41,554,3,37,817,9584,83,0.057804674457429046,0.03614457831325301,12,75,205,1990-01-29,112.42376070104952,1990,20.4762
BC-1400,Brian,Clark,821,North Carolina State,26,3,76,1296,11,34,731,9093,61,0.14252721873968988,0.18032786885245902,8,74,204,1983-12-26,91.91987412133952,1983,4
BC-1850,Brandon,Coleman,823,Rutgers,34,3,94,1808,20,36,730,9095,67,0.19879054425508522,0.29850746268656714,2,78,225,1992-06-22,107.80993259989044,1992,25.3448
BC-2325,Brandin,Cooks,905,Oregon State,38,3,226,3272,24,36,1077,12631,82,0.25904520623861926,0.2926829268292683,-2,70,189,1993-09-25,109.54251789231724,1993,69.7805
BD-0300,Britt,Davis,875,Northern Illinois,29,3,104,1235,5,36,613,7162,43,0.17243786651773246,0.11627906976744186,7,75,205,1986-04-23,99.98475842097241,1986,0
BE-0100,Biren,Ealy,823,Houston,14,1,34,420,6,13,300,3889,30,0.10799691437387503,0.2,-1,75,207,1984-07-07,99.18513799189921,1984,5.75
BE-0100,Biren,Ealy,905,Arizona,14,2,49,720,5,23,349,4084,24,0.1762977473065622,0.20833333333333334,9,75,207,1984-07-07,99.18513799189921,1984,5.75
BE-0150,Ben,Edwards,837,Richmond,20,2,124,1361,9,22,530,5810,35,0.2342512908777969,0.2571428571428571,2,71,198,1992-04-11,91.58741790570124,1992,9
BE-0200,Braylon,Edwards,827,Michigan,25,2,182,2468,29,23,532,6317,51,0.390691784074719,0.5686274509803921,-2,75,215,1983-02-21,109.65499303730637,1983,51.2456
BE-0350,Bruce,Ellington,911,South Carolina,34,3,106,1586,16,36,678,9076,82,0.1747465843984134,0.1951219512195122,2,69,197,1991-08-22,100.4745750155784,1991,8.2692
BF-0950,Bennie,Fowler,827,Michigan State,32,4,93,1341,11,50,1047,12655,88,0.10596602133544054,0.125,18,73,217,1991-06-10,106.78355262967675,1991,14.7308
BG-0600,Brandon,Gibson,905,Washington State,41,4,182,2756,17,48,977,11926,80,0.23109173234948852,0.2125,7,72,210,1987-08-13,95.45251557870415,1987,37.137
BH-0800,Brian,Hartline,827,Ohio State,35,3,90,1429,12,36,594,7340,74,0.19468664850136239,0.16216216216216217,1,74,199,1986-11-22,95.3518959439031,1986,46.8333
BJ-2200,Brandon,Jones,25354,Oklahoma,26,2,73,1054,11,25,567,7410,79,0.14224021592442646,0.13924050632911392,-1,73,208,1982-10-06,108.99441712611402,1982,24.807
BJ-2200,Brandon,Jones,875,Bowling Green,9,4,9,90,1,47,1103,13435,113,0.006698920729438035,0.008849557522123894,38,73,208,1982-10-06,108.99441712611402,1982,24.807
BL-0100,Brandon,LaFell,911,LSU,45,4,175,2517,25,49,905,11407,99,0.2206539843955466,0.25252525252525254,4,74,211,1986-11-04,95.90705136717418,1986,46.8654
BL-1400,Brandon,London,875,Massachusetts,35,3,144,1994,15,37,633,8292,61,0.24047274481427883,0.2459016393442623,2,76,210,1984-10-16,100.62260375989774,1984,8.5
BM-0250,Bradley,Marquez,25354,Texas Tech,41,4,155,1867,17,48,1641,18518,154,0.10082082298304353,0.11038961038961038,7,71,204,1992-12-14,96.03659456132314,1992,7.3529
BM-0300,Brandon,Marshall,823,Central Florida,25,3,110,1656,13,35,659,7720,50,0.21450777202072538,0.26,10,76,230,1984-03-23,110.20570887988801,1984,74.4074
BM-2100,Brandon,Middleton,823,Houston,13,1,55,1250,14,12,223,3156,26,0.3960709759188847,0.5384615384615384,-1,71,190,1981-01-02,79.89435120681372,1981,7.75
BO-0100,Ben,Obomanu,911,Auburn,32,3,80,1089,15,35,609,8175,55,0.13321100917431192,0.2727272727272727,3,73,204,1983-10-30,104.04473757958372,1983,23.5763
BP-0450,Breshad,Perriman,823,Central Florida,35,3,106,2105,16,37,779,10208,80,0.20621081504702193,0.2,2,74,212,1993-09-10,128.74413692945404,1993,33.2667
BQ-0050,Brian,Quick,912,Appalachian State,46,4,202,3418,31,53,959,12493,85,0.27359321219883137,0.36470588235294116,7,75,220,1989-06-05,107.3007163542143,1989,24.9833
BR-0900,Brian,Robiskie,827,Ohio State,39,4,127,1866,24,47,790,10048,92,0.18570859872611464,0.2608695652173913,8,75,209,1987-12-03,105.64205650925145,1987,17.3214
BS-4600,Brett,Swain,5486,San Diego State,32,3,120,1789,8,36,690,7868,44,0.2273767158108795,0.18181818181818182,4,73,200,1985-06-21,87.0434361977705,1985,7.9091
BT-0300,Brandon,Tate,821,North Carolina,41,4,46,927,8,47,754,9817,56,0.0944280330039727,0.14285714285714285,6,73,195,1987-10-05,93.43527491990505,1987,8.7009
BT-0300,Brandon,Tate,916,Alcorn State,1,1,1,16,0,10,167,1961,12,0.00815910249872514,0,9,73,195,1987-10-05,93.43527491990505,1987,8.7009
BT-1300,Brian,Tyms,876,Florida A&M,14,2,45,661,4,22,320,4078,23,0.1620892594409024,0.17391304347826086,8,75,210,1989-02-21,102.42341106538638,1989,10.4444
BW-1300,Blair,White,827,Michigan State,26,3,116,1674,10,36,697,9122,60,0.18351238763429073,0.16666666666666666,10,74,205,1987-02-20,100.87847137826606,1987,20.45
BW-2000,Brandon,Williams,827,Wisconsin,38,3,150,2261,7,35,555,7808,49,0.2895747950819672,0.14285714285714285,-3,70,175,1984-02-24,86.8872372819105,1984,0
BW-2000,Brandon,Williams,875,Akron,7,1,11,78,0,12,201,2206,15,0.03535811423390753,0,5,70,175,1984-02-24,86.8872372819105,1984,0
CB-1130,Cole,Beasley,823,SMU,46,4,255,2959,14,49,1140,14391,99,0.2056146202487666,0.1414141414141414,3,68,177,1989-04-26,87.09994845830776,1989,33.7917
CC-3950,Chris,Conley,911,Georgia,41,4,113,1858,19,50,1044,14491,130,0.12821751431923262,0.14615384615384616,9,74,213,1992-10-25,121.18755225569738,1992,28.2143
CD-0850,Chris,Davis,821,Florida State,47,4,137,1842,12,47,1006,12756,77,0.14440263405456255,0.15584415584415584,0,70,181,1984-01-23,88.2792257277854,1984,4.8824
CD-0850,Chris,Davis,821,Wake Forest,25,3,57,668,4,34,448,5189,21,0.12873386008864907,0.19047619047619047,9,70,181,1984-01-23,88.2792257277854,1984,4.8824
CD-1000,Craig,Davis,911,LSU,38,4,141,2117,7,48,895,11862,101,0.17846906086663294,0.06930693069306931,10,73,200,1985-10-02,105.75615031698236,1985,21.5185
CF-0900,Chris,Francies,24312,Texas-El Paso,35,3,101,1675,11,35,705,9204,71,0.18198609300304217,0.15492957746478872,0,73,193,1982-07-26,91.6630906799327,1982,4
CF-1100,Carlos,Francis,25354,Texas Tech,13,1,75,1177,9,12,507,6211,53,0.1895024955723716,0.16981132075471697,-1,70,190,1981-01-03,108.10157243465963,1981,0
CF-1550,Corey,Fuller,821,Virginia Tech,14,2,45,834,6,25,467,6176,39,0.13503886010362695,0.15384615384615385,11,74,204,1990-06-23,117.14538278943473,1990,15.7
CG-1060,Chris,Givens,821,Wake Forest,35,3,163,2473,21,36,717,8287,57,0.29841921081211537,0.3684210526315789,1,71,198,1989-12-06,110.59567869378967,1989,32.9444
CG-1060,Chris,Givens,875,Miami (OH),33,4,132,1691,13,49,1208,13058,68,0.12949915760453362,0.19117647058823528,16,71,198,1989-12-06,110.59567869378967,1989,32.9444
CH-0400,Chad,Hall,5486,Air Force,25,2,61,641,2,24,214,2773,21,0.23115759105661737,0.09523809523809523,-1,68,180,1986-05-23,83.26128900518296,1986,7.75
CH-0600,Cobi,Hamilton,911,Arkansas,46,4,175,2854,18,48,1119,15729,117,0.1814482802466781,0.15384615384615385,2,74,212,1990-11-13,103.39887212315196,1990,19
CH-1290,Chris,Harper,25354,Kansas State,26,2,98,1404,8,24,371,4683,29,0.29980781550288277,0.27586206896551724,-2,71,185,1993-12-07,87.86358433050543,1993,12.6364
CH-1290,Chris,Harper,905,California,34,3,163,2030,13,36,910,10657,72,0.1904851271464765,0.18055555555555555,2,71,185,1993-12-07,87.86358433050543,1993,12.6364
CH-2800,Chris,Henry,24312,Middle Tennessee,21,3,86,852,0,34,715,7855,42,0.10846594525779758,0,13,76,197,1983-05-17,96.08291418991007,1983,35.037
CH-2800,Chris,Henry,25354,West Virginia,22,2,93,1878,22,23,278,4027,39,0.46635212316861185,0.5641025641025641,1,76,197,1983-05-17,96.08291418991007,1983,35.037
CH-3350,Chris,Hogan,846,Monmouth,9,1,12,147,3,11,204,2355,12,0.062420382165605096,0.25,2,73,215,1988-10-24,104.86206370980034,1988,38.7843
CH-3700,Carlyle,Holiday,99001,Notre Dame,18,2,5,38,0,23,390,4766,27,0.007973143096936634,0,5,74,217,1981-10-04,101.26145022525061,1981,18
CJ-0100,Chad,Jackson,911,Florida,26,3,120,1586,16,34,728,9164,69,0.17306852902662592,0.2318840579710145,8,73,205,1985-03-06,117.71962486193196,1985,9.5
CJ-1100,Calvin,Johnson,821,Georgia Tech,38,3,178,2927,28,35,540,6928,54,0.42248845265588914,0.5185185185185185,-3,77,236,1985-09-29,131.82111197845637,1985,86.9708
CL-0275,Cody,Latimer,827,Indiana,32,3,135,2042,17,36,821,9830,70,0.20773143438453714,0.24285714285714285,4,75,215,1992-10-10,109.65499303730637,1992,8.2174
CM-0850,Chris,Matthews,911,Kentucky,25,2,93,1279,12,24,478,5327,39,0.2400976159189037,0.3076923076923077,-1,77,218,1989-10-06,99.95895079994857,1989,20
CM-1700,Chris,McFoy,905,USC,27,4,57,649,2,48,1142,14924,135,0.04348700080407397,0.014814814814814815,21,74,200,1983-08-14,90.11752364837207,1983,9.5
CM-2245,Cameron,Meredith,853,Illinois State,2,2,0,0,0,24,485,5637,45,0,0,22,75,200,1992-09-21,98.41802085684493,1992,50.4
CM-2500,Carlton,Mitchell,823,South Florida,33,3,105,1648,9,36,676,8658,57,0.19034419034419034,0.15789473684210525,3,76,212,1988-04-06,107.15844966488665,1988,7.75
CO-1100,Chad,Owens,5486,Hawaii,24,2,187,2424,26,25,815,9791,80,0.2475743029312634,0.325,1,67,183,1982-04-03,80.33655108455835,1982,0
CO-1300,Chris,Owusu,905,Stanford,32,4,102,1534,10,48,901,11550,95,0.1328138528138528,0.10526315789473684,16,72,200,1990-01-06,115.91800835165846,1990,17.4118
CP-0750,Cordarrelle,Patterson,911,Tennessee,12,1,46,778,5,12,285,3814,35,0.20398531725222863,0.14285714285714285,0,74,216,1991-03-17,122.89441918887621,1991,20.8889
CR-1200,Courtney,Roby,827,Indiana,22,2,100,1314,7,23,336,4047,17,0.32468495181616014,0.4117647058823529,1,72,189,1983-01-10,99.93956204954833,1983,5.4444
CS-0600,Chaz,Schilens,5486,San Diego State,29,3,103,1603,7,36,690,7868,44,0.20373665480427047,0.1590909090909091,7,76,225,1985-11-07,122.26891877642079,1985,24.8125
CS-4200,Chansi,Stuckey,821,Clemson,31,3,137,1741,7,34,622,7349,39,0.23690297999727855,0.1794871794871795,3,70,182,1983-10-04,84.18641443857388,1983,22.5957
CT-0300,Courtney,Taylor,911,Auburn,45,4,153,2098,9,47,780,10423,69,0.20128561834404682,0.13043478260869565,2,75,204,1984-04-07,99.49702789208962,1984,11.3333
CT-1400,Craphonso,Thorpe,821,Florida State,22,2,91,1490,13,23,464,6031,37,0.247056872823744,0.35135135135135137,1,NA,NA,NA,NA,NA,14
CW-1500,Chastin,West,5486,Fresno State,21,2,48,686,3,24,415,5285,39,0.12980132450331125,0.07692307692307693,3,73,216,1987-05-01,97.32692554024185,1987,18.1111
CW-2750,Chris,Williams,818,Troy,5,1,8,127,0,12,337,3984,22,0.03187751004016064,0,7,67,175,1987-09-16,98.65273417725923,1987,0
CW-2750,Chris,Williams,916,Mississippi Valley State,27,3,96,1101,6,32,425,5472,34,0.2012061403508772,0.17647058823529413,5,67,175,1987-09-16,98.65273417725923,1987,0
CW-4050,Chandler,Worthy,818,Troy,43,4,136,1762,11,48,1233,13773,83,0.12793146010310028,0.13253012048192772,5,69,170,1993-09-15,91.54209263055986,1993,4.6667
DA-0212,Davante,Adams,5486,Fresno State,26,2,233,3031,38,24,845,9593,90,0.31595955384134267,0.4222222222222222,-2,73,212,1992-12-24,98.06329593943771,1992,46.5102
DA-0500,Danario,Alexander,911,Missouri,41,4,191,2778,22,50,1364,16341,130,0.17000183587295759,0.16923076923076924,9,77,221,1986-08-07,97.01845786714424,1986,49.8214
DA-0900,Danny,Amendola,25354,Texas Tech,49,4,204,2246,15,46,1799,20385,158,0.11017905322541084,0.0949367088607595,-3,70,186,1985-11-02,77.54602263388095,1985,36.3714
DA-1100,David,Anderson,5486,Colorado State,35,3,215,3454,19,34,674,9538,62,0.36213042566575804,0.3064516129032258,-1,70,195,1983-07-28,89.41282296325674,1983,19.3
DA-1700,Devin,Aromashodu,911,Auburn,29,3,53,1029,8,35,609,8175,55,0.1258715596330275,0.14545454545454545,6,74,201,1984-05-23,112.27137079521073,1984,24.6122
DA-2100,Donnie,Avery,823,Houston,49,4,210,3289,19,47,1044,13540,84,0.2429098966026588,0.2261904761904762,-2,71,200,1984-06-12,103.85922712367172,1984,40.4384
DB-0300,Dallas,Baker,911,Florida,36,3,138,2027,20,35,739,9279,78,0.21845026403707296,0.2564102564102564,-1,75,206,1982-11-10,97.837288497752,1982,6
DB-0500,Doug,Baldwin,905,Stanford,37,4,96,1360,13,48,831,10463,69,0.12998184077224506,0.18840579710144928,11,70,189,1988-09-21,93.00502970971846,1988,53.3585
DB-1800,Davone,Bess,5486,Hawaii,39,3,293,3610,41,37,1284,16517,150,0.21856269298298722,0.2733333333333333,-2,70,193,1985-09-13,83.27514210229035,1985,41.9891
DB-3200,Dwayne,Bowe,911,LSU,40,4,154,2403,26,48,895,11862,101,0.20257966616084977,0.25742574257425743,8,74,221,1984-09-21,106.83562667591538,1984,58.184
DB-4100,Dezmon,Briscoe,25354,Kansas,35,3,219,3240,31,36,956,11485,91,0.282107096212451,0.34065934065934067,1,74,207,1989-08-31,87.79235002271086,1989,26.4211
DB-5300,Dez,Bryant,25354,Oklahoma State,26,3,147,2425,29,36,636,8655,71,0.2801848642403235,0.4084507042253521,10,74,220,1988-11-04,105.41415631989288,1988,68.39
DB-6200,Deon,Butler,827,Penn State,49,4,179,2771,22,47,866,10958,73,0.25287461215550283,0.3013698630136986,-2,70,170,1986-01-04,98.53030709890969,1986,20.3667
DB-6375,Damiere,Byrd,911,South Carolina,38,4,65,1214,10,48,955,12738,110,0.09530538546082587,0.09090909090909091,10,69,162,1993-01-27,97.4615940106047,1993,16
DC-0200,Duke,Calhoun,823,Memphis,49,4,212,2981,19,48,1048,12161,87,0.24512786777403175,0.21839080459770116,-1,76,205,1987-09-01,100.87847137826606,1987,2
DC-1200,Drew,Carter,827,Ohio State,8,1,25,410,1,12,209,2694,20,0.15219005196733482,0.05,4,75,200,1981-09-05,110.69143922893693,1981,34.625
DC-2300,David,Clowney,821,Virginia Tech,34,3,88,1306,5,36,541,7281,55,0.17937096552671336,0.09090909090909091,2,73,190,1985-07-07,105.15686726749009,1985,16.2381
DD-0200,Devard,Darling,905,Washington State,12,1,50,830,7,12,261,3532,22,0.23499433748584372,0.3181818181818182,0,73,213,1982-04-16,102.06006952789629,1982,19.2667
DF-2200,Devin,Funchess,827,Michigan,34,3,126,1715,15,36,621,8052,51,0.21299056135121708,0.29411764705882354,2,76,232,1994-05-21,113.1534827008078,1994,27.7879
DG-0700,David,Gettis,25354,Baylor,36,4,116,1555,4,48,1054,11679,76,0.13314496104118503,0.05263157894736842,12,75,217,1987-08-27,112.6872614291838,1987,33.8667
DG-1150,David,Gilreath,827,Wisconsin,50,4,67,1077,4,48,799,10515,61,0.10242510699001427,0.06557377049180328,-2,71,169,1988-12-11,88.55796391496764,1988,0
DG-2650,Dorial,Green-Beckham,911,Missouri,24,2,87,1278,17,25,513,6380,47,0.20031347962382445,0.3617021276595745,1,77,237,1993-04-12,123.07318414155098,1993,33.6071
DH-0100,D.J.,Hackett,905,Colorado,12,1,78,1013,7,12,283,3351,27,0.3022978215458072,0.25925925925925924,0,74,199,1981-07-03,94.51272044200314,1981,40.4524
DH-0300,Derek,Hagan,905,Arizona State,36,3,226,3534,27,34,850,11628,98,0.30392156862745096,0.2755102040816326,-2,73,215,1984-09-21,109.65499303730637,1984,23.7534
DH-1100,Derrick,Hamilton,821,Clemson,13,1,62,1026,10,12,300,3687,23,0.27827502034174123,0.43478260869565216,-1,76,200,1981-11-30,94.15352407972857,1981,0
DH-1800,Dwayne,Harris,24312,East Carolina,50,4,268,3001,20,50,1145,12843,90,0.23366814607179007,0.2222222222222222,0,70,200,1987-09-16,94.98765873568155,1987,9.7882
DH-2400,Devery,Henderson,911,LSU,14,1,53,861,11,13,255,3257,30,0.26435369972367206,0.36666666666666664,-1,71,200,1982-03-26,105.75615031698236,1982,38.4206
DH-2700,Devin,Hester,821,Miami (FL),29,3,10,196,0,34,647,8211,57,0.023870417732310314,0,5,71,190,1982-11-04,100.46834280113323,1982,20.3374
DH-2800,Darrius,Heyward-Bey,821,Maryland,37,3,138,2089,13,36,654,7711,40,0.2709116846064064,0.325,-1,74,210,1987-02-26,128.73409082745655,1987,30.1134
DH-3200,Domenik,Hixon,875,Akron,29,3,141,2092,14,35,797,10026,64,0.20865749052463595,0.21875,6,74,197,1984-10-08,97.81020425449353,1984,24.541
DH-3950,DeAndre,Hopkins,821,Clemson,38,3,205,3009,27,37,860,10709,90,0.28097861611728453,0.3,-1,73,214,1992-06-06,103.45169279930268,1992,69.7612
DI-0075,Dontrelle,Inman,821,Virginia,27,4,78,1098,3,48,970,10206,51,0.10758377425044091,0.058823529411764705,21,75,198,1989-01-31,96.57064471879286,1989,46.9032
DJ-0200,DeSean,Jackson,905,California,34,3,162,2423,22,35,678,8747,68,0.27700926031782325,0.3235294117647059,1,70,175,1986-12-01,97.74870591622825,1986,68.8346
DJ-0400,Dexter,Jackson,912,Appalachian State,50,4,110,1846,17,55,942,12701,96,0.14534288638689866,0.17708333333333334,5,70,180,1986-08-05,102.41201599073018,1986,0
DJ-0600,Dwayne,Jarrett,905,USC,38,3,216,3138,41,36,868,11133,96,0.28186472648881705,0.4270833333333333,-2,76,219,1986-09-11,96.14046277332392,1986,17.5
DJ-0850,Darius,Jennings,821,Virginia,49,4,133,1670,11,48,1057,11720,67,0.14249146757679182,0.16417910447761194,-1,71,175,1992-06-28,87.66736471177121,1992,39
DJ-0950,Damaris,Johnson,24312,Tulsa,39,3,188,2746,17,37,778,11102,104,0.2473428211133129,0.16346153846153846,-2,68,175,1989-11-22,82.3843335697625,1989,14.6585
DJ-1050,Darius,Johnson,823,SMU,41,4,232,2854,20,49,1145,14192,86,0.20109921082299886,0.23255813953488372,8,69,179,1991-02-22,85.01395456843498,1991,21
DL-1650,Dezmin,Lewis,914,Central Arkansas,23,2,83,1002,8,25,574,6869,66,0.1458727616829233,0.12121212121212122,2,76,214,1992-12-05,108.1693784353101,1992,0
DM-2775,Donte,Moncrief,911,Mississippi,36,3,156,2376,20,36,749,9051,58,0.26251242956579385,0.3448275862068966,0,74,221,1993-08-06,124.58431001813881,1993,37.381
DM-3100,Denarius,Moore,911,Tennessee,42,4,112,2004,18,49,957,11694,95,0.17136993329912775,0.18947368421052632,7,72,194,1988-12-09,100.74345030996156,1988,38.7321
DM-4080,Derek,Moye,827,Penn State,38,4,144,2395,18,48,884,11556,78,0.20725164416753203,0.23076923076923078,10,76,209,1988-08-12,105.64205650925145,1988,5
DN-0500,David,Nelson,911,Florida,22,4,46,630,7,51,956,12952,122,0.048641136504014824,0.05737704918032787,29,77,214,1986-11-07,100.74427076530958,1986,31.2245
DP-0350,DeVante,Parker,823,Louisville,38,4,148,2655,33,48,1135,14425,103,0.18405545927209704,0.32038834951456313,10,75,209,1993-01-20,111.52329075882791,1993,51.72
DP-1950,DeVier,Posey,827,Ohio State,35,4,136,1955,18,48,690,8863,84,0.2205799390725488,0.21428571428571427,13,74,210,1989-02-08,113.08140854363278,1989,17.7222
DR-0800,David,Reed,905,Utah,25,2,106,1615,11,24,524,6160,48,0.2621753246753247,0.22916666666666666,-1,72,190,1987-03-22,87.88691617213756,1987,2.9565
DR-1200,Darius,Reynaud,25354,West Virginia,38,3,133,1550,19,35,448,5526,43,0.2804922186029678,0.4418604651162791,-3,69,201,1984-12-29,99.79619824950863,1984,0.78
DR-1700,Dante,Ridgeway,875,Ball State,23,2,194,2474,18,23,450,5036,36,0.4912629070691025,0.5,0,71,206,1984-04-18,94.45662323297891,1984,26
DR-2850,Da'Rick,Rogers,902,Tennessee Tech,10,1,61,893,10,11,208,2666,27,0.33495873968492124,0.37037037037037035,1,74,217,1991-06-18,113.71052171330165,1991,39.6667
DR-2850,Da'Rick,Rogers,911,Tennessee,23,2,78,1210,11,24,461,6237,44,0.19400352733686066,0.25,1,74,217,1991-06-18,113.71052171330165,1991,39.6667
DS-0100,DeMarco,Sampson,5486,San Diego State,33,3,140,2182,17,36,761,9874,69,0.2209844034838971,0.2463768115942029,3,74,204,1985-12-19,107.871273323322,1985,7.2
DS-0600,Dane,Sanzenbacher,827,Ohio State,41,4,124,1879,19,48,775,9781,92,0.19210714650853697,0.20652173913043478,7,71,180,1988-10-13,83.26128900518296,1988,16.6296
DS-2325,DeAndre,Smelter,821,Georgia Tech,19,2,56,1060,11,25,203,3724,32,0.284640171858217,0.34375,6,74,226,1991-12-03,108.28908785588996,1991,23
DS-3031,Devin,Smith,827,Ohio State,44,4,118,2371,29,50,802,10649,117,0.22265001408582966,0.24786324786324787,6,72,196,1992-03-03,107.48808340197904,1992,16.875
DS-4750,Devin,Street,821,Pittsburgh,47,4,202,2901,16,48,1007,11989,70,0.24197180749019934,0.22857142857142856,1,75,198,1991-03-30,94.87274068790359,1991,8.4444
DT-0900,Demaryius,Thomas,821,Georgia Tech,36,3,120,2339,15,37,331,5477,26,0.42705860872740553,0.5769230769230769,1,NA,NA,NA,NA,NA,76.9
DT-1000,Devin,Thomas,827,Michigan State,16,2,85,1350,9,24,480,5578,39,0.24202223019003227,0.23076923076923078,8,74,215,1986-11-15,113.68786159075603,1986,11.4762
DT-1250,Deonte,Thompson,911,Florida,41,4,101,1446,9,50,873,11126,86,0.12996584576667267,0.10465116279069768,9,NA,NA,NA,NA,NA,14.4545
DW-0675,Darren,Waller,821,Georgia Tech,23,3,46,857,8,38,305,5542,44,0.1546373150487189,0.18181818181818182,15,78,238,1992-09-13,123.59248027716934,1992,9.3636
DW-1800,Darius,Watts,24312,Marshall,12,1,74,968,11,12,255,2935,22,0.32981260647359456,0.5,0,NA,NA,NA,NA,NA,21.8421
DW-2350,DeAndrew,White,911,Alabama,32,4,91,1229,12,50,1010,13364,111,0.0919634839868303,0.10810810810810811,18,71,191,1991-10-16,101.91841404275661,1991,9
DW-3100,Damian,Williams,905,USC,25,2,128,1879,15,24,483,6272,52,0.29958545918367346,0.28846153846153844,-1,73,199,1988-05-26,95.3518959439031,1988,28.5435
DW-3100,Damian,Williams,911,Arkansas,9,1,19,235,2,13,154,2093,23,0.11227902532250358,0.08695652173913043,4,73,199,1988-05-26,95.3518959439031,1988,28.5435
DW-3700,Demetrius,Williams,905,Oregon,33,3,157,2587,20,34,780,9574,74,0.2702109880927512,0.2702702702702703,1,NA,NA,NA,NA,NA,24.2857
DW-3900,Derrick,Williams,827,Penn State,45,4,161,1743,9,47,866,10958,73,0.15906187260448987,0.1232876712328767,2,71,197,1986-07-06,84.27221524342937,1986,6.8333
DW-5050,Devon,Wylie,5486,Fresno State,30,4,97,1287,8,49,922,11707,89,0.10993422738532502,0.0898876404494382,19,69,186,1988-09-02,102.94303848291135,1988,7.5714
DZ-0200,Dominique,Zeigler,25354,Baylor,32,3,157,1840,12,34,766,7938,53,0.23179642227261274,0.22641509433962265,2,NA,NA,NA,NA,NA,15
EA-0600,Emmanuel,Arceneaux,916,Alcorn State,20,2,62,994,6,24,402,4486,20,0.22157824342398574,0.3,4,NA,NA,NA,NA,NA,10
EB-0600,Earl,Bennett,911,Vanderbilt,35,3,236,2852,20,35,660,7688,54,0.3709677419354839,0.37037037037037035,0,71,204,1987-03-23,101.28569374576995,1987,32.8873
ED-0200,Eric,Decker,827,Minnesota,43,4,227,3119,24,48,939,11377,77,0.2741496000703173,0.3116883116883117,5,75,215,1987-03-15,101.21503838570821,1987,57.9574
ED-0700,Early,Doucet,911,LSU,41,4,160,1943,20,48,896,11759,100,0.16523513904243559,0.2,7,NA,NA,NA,NA,NA,29.6727
EP-0050,Eric,Page,875,Toledo,38,3,306,3446,25,36,790,9413,78,0.3660894507595878,0.32051282051282054,-2,69,180,1991-09-23,87.79149519890261,1991,4.25
ER-0462,Eli,Rogers,823,Louisville,46,4,171,1939,12,48,1135,14425,103,0.13441941074523397,0.11650485436893204,2,70,181,1992-12-23,82.99344080179215,1992,44.125
ER-0500,Eddie,Royal,821,Virginia Tech,49,4,119,1778,12,49,760,10037,72,0.17714456510909635,0.16666666666666666,0,70,185,1986-05-21,99.6193360979622,1986,37.4
ES-0200,Emmanuel,Sanders,823,SMU,46,4,285,3791,34,48,1008,12297,106,0.30828657396112874,0.32075471698113206,2,71,180,1987-03-17,96.04876716071304,1987,54.9091
EW-0800,Ernest,Wilford,821,Virginia Tech,13,1,55,886,3,12,181,2502,17,0.35411670663469225,0.17647058823529413,-1,76,218,1979-01-14,82.82175626048398,1979,26.5647
FH-0100,Frankie,Hammond,911,Florida,32,4,63,812,6,49,845,10052,66,0.0807799442896936,0.09090909090909091,17,73,184,1990-02-17,93.00544687895821,1990,2.9412
GB-0100,Gary,Banks,818,Troy,25,2,129,1301,11,24,567,5735,45,0.22685265911072364,0.24444444444444444,-1,NA,NA,NA,NA,NA,1
GC-0200,Greg,Camarillo,905,Stanford,16,2,37,519,0,22,397,4785,25,0.10846394984326019,0,6,NA,NA,NA,NA,NA,29.322
GD-0050,Geremy,Davis,823,Connecticut,38,4,165,2292,7,48,828,9967,52,0.22995886425203171,0.1346153846153846,10,74,216,1992-01-10,106.29146252539253,1992,3.5
GF-0050,George,Farmer,905,USC,14,3,29,359,4,36,911,11072,117,0.03242413294797688,0.03418803418803419,22,73,210,1958-12-05,112.05689502083187,1958,2
GJ-0400,Greg,Jennings,875,Western Michigan,34,3,228,3401,39,34,773,9325,84,0.36471849865951744,0.4642857142857143,0,71,198,1983-09-21,103.75430091812777,1983,60.3624
GL-0400,Greg,Little,821,North Carolina,35,3,86,969,6,36,622,7575,50,0.12792079207920792,0.12,1,74,220,1989-05-30,106.352207550685,1989,35.5472
GR-0350,Gerell,Robinson,905,Arizona State,35,4,135,2071,12,48,1065,12795,84,0.16186010160218836,0.14285714285714285,13,75,222,1989-10-13,104.51041172849871,1989,0
GS-0100,Greg,Salas,5486,Hawaii,43,4,285,4345,26,51,1484,19154,142,0.22684556750548188,0.18309859154929578,8,73,210,1988-08-25,99.73704167246562,1988,32
GT-0100,Golden,Tate,99001,Notre Dame,33,3,157,2707,26,36,789,9077,67,0.2982262862179134,0.3880597014925373,3,70,202,1988-08-02,105.85034740132227,1988,50.2456
GW-0650,Griff,Whalen,905,Stanford,25,4,80,1058,5,48,901,11550,95,0.0916017316017316,0.05263157894736842,23,NA,NA,NA,NA,NA,17.7059
HB-0100,Hank,Baskett,5486,New Mexico,35,3,138,2267,15,34,464,6080,41,0.37286184210526313,0.36585365853658536,-1,74,220,1982-09-04,107.3007163542143,1982,22.5098
HD-0300,Harry,Douglas,823,Louisville,41,4,173,2924,15,46,1065,14887,103,0.19641297776583597,0.14563106796116504,5,71,182,1984-09-16,87.98228079193031,1984,33.5088
HN-0500,Hakeem,Nicks,821,North Carolina,35,3,181,2840,21,36,571,7457,47,0.3808502078583881,0.44680851063829785,1,73,208,1988-01-14,100.55117804792036,1988,57.9691
IB-0250,Isaiah,Burse,5486,Fresno State,48,4,210,2510,15,49,1352,16015,140,0.15672806743677803,0.10714285714285714,1,70,188,1991-12-08,85.45272823236371,1991,0
IF-0250,Isaac,Fruechte,827,Minnesota,27,3,47,688,3,36,452,6198,45,0.11100354953210713,0.06666666666666667,9,75,202,1991-03-07,98.52156683432403,1991,0
JA-0050,Jared,Abbrederis,827,Wisconsin,49,4,202,3140,23,50,839,10759,90,0.2918486848220095,0.25555555555555554,1,73,195,1990-12-17,95.10745313214449,1990,15.6667
JA-0260,Joe,Adams,911,Arkansas,46,4,164,2410,17,48,1100,15225,113,0.15829228243021345,0.1504424778761062,2,71,181,1989-11-22,87.49886166669992,1989,0.7778
JA-1810,Joe,Anderson,916,Texas Southern,11,1,47,638,4,11,179,2363,13,0.26999576809140924,0.3076923076923077,0,NA,NA,NA,NA,NA,0
JA-2900,Jason,Avant,827,Michigan,35,3,167,2226,13,34,770,8989,74,0.24763599955501167,0.17567567567567569,-1,NA,NA,NA,NA,NA,31.4397
JB-0900,Jon,Baldwin,821,Pittsburgh,35,3,128,2337,16,36,663,8012,49,0.2916874687968048,0.32653061224489793,1,76,230,1989-08-10,113.18072398537167,1989,20.931
JB-2950,Josh,Bellamy,823,Louisville,21,2,53,681,7,24,462,5295,41,0.12861189801699716,0.17073170731707318,3,NA,NA,NA,NA,NA,18.7407
JB-3650,Justin,Blackmon,25354,Oklahoma State,35,3,252,3564,40,36,982,11880,96,0.3,0.4166666666666667,1,73,207,1990-01-09,102.77518924203127,1990,64
JB-4750,Josh,Boyce,25354,Texas Christian,37,3,161,2535,22,36,686,9078,80,0.2792465300727032,0.275,-1,71,206,1991-05-06,116.12836137437374,1991,20.1667
JB-4950,Jarrett,Boykin,821,Virginia Tech,51,4,184,2884,18,51,747,10218,65,0.28224701507144256,0.27692307692307694,0,74,218,1989-11-04,95.70146522641377,1989,27.0741
JB-6200,Jamall,Broussard,5486,San Jose State,11,1,55,715,1,11,273,3106,18,0.23019961365099806,0.05555555555555555,0,NA,NA,NA,NA,NA,0
JB-6300,John,Broussard,5486,San Jose State,38,4,103,1566,13,45,766,9616,70,0.16285357737104825,0.18571428571428572,7,NA,NA,NA,NA,NA,31.5
JB-6750,Jaron,Brown,821,Clemson,38,4,86,1205,8,50,1080,13397,113,0.08994551018884825,0.07079646017699115,12,74,205,1990-01-08,107.42238226371815,1990,18.0244
JB-7150,Justin,Brown,25354,Oklahoma,13,1,73,879,5,12,376,4389,30,0.20027341079972658,0.16666666666666666,-1,75,207,1991-03-10,92.46322018574837,1991,15.6667
JB-7150,Justin,Brown,825,Southern Utah,2,1,3,24,0,11,269,3261,22,0.007359705611775529,0,9,75,207,1991-03-10,92.46322018574837,1991,15.6667
JB-7150,Justin,Brown,827,Penn State,28,3,73,1047,3,36,660,8396,54,0.12470223916150548,0.05555555555555555,8,75,207,1991-03-10,92.46322018574837,1991,15.6667
JB-8550,Jeremy,Butler,902,Tennessee-Martin,8,1,51,750,10,11,265,3301,31,0.22720387761284458,0.3225806451612903,3,74,208,1991-04-22,90.52517364568132,1991,37.4
JC-4650,Josh,Cooper,25354,Oklahoma State,34,4,161,1695,9,48,1192,15029,121,0.11278195488721804,0.0743801652892562,14,71,190,1989-01-08,81.27777104696234,1989,20.25
JC-5400,Jerricho,Cotchery,821,North Carolina State,13,1,86,1369,10,12,357,4585,35,0.2985823336968375,0.2857142857142857,-1,72,203,1982-06-16,95.5658269409245,1982,40.5932
JC-5660,Juron,Criner,905,Arizona,39,4,209,2858,32,48,1323,14582,98,0.19599506240570566,0.32653061224489793,9,74,220,1989-12-12,93.30587925119029,1989,18.3
JC-5680,Jamison,Crowder,821,Duke,49,4,276,3541,23,49,1262,13724,94,0.2580151559312154,0.24468085106382978,0,68,185,1993-06-17,101.45558892533737,1993,44.4242
JD-2100,Jarett,Dillard,24312,Rice,49,4,292,4138,60,47,987,11690,115,0.35397775876817794,0.5217391304347826,-2,70,185,1985-12-21,88.64372235990992,1985,22.1111
JE-0050,Jeremy,Ebert,827,Northwestern,43,4,173,2400,21,48,1173,12918,83,0.18578727357176034,0.25301204819277107,5,72,195,1989-04-06,103.1122465590578,1989,4.5
JF-2600,Jacoby,Ford,821,Clemson,46,4,143,1986,16,49,961,11178,86,0.17767042404723565,0.18604651162790697,3,69,185,1987-07-27,116.66804493039632,1987,23.5556
JG-2450,Josh,Gordon,25354,Baylor,15,2,43,721,7,24,581,6581,36,0.10955781796079624,0.19444444444444445,9,NA,NA,NA,NA,NA,78.4571
JH-0775,Je'Ron,Hamm,818,Louisiana-Monroe,35,4,111,1587,10,48,1126,12225,89,0.1298159509202454,0.11235955056179775,13,75,233,1992-06-15,99.67221396811696,1992,13
JH-1200,James,Hardy,827,Indiana,33,3,191,2740,36,35,722,8154,68,0.33603139563404466,0.5294117647058824,2,78,220,1985-12-24,112.20510915445304,1985,8.7273
JH-1350,Justin,Hardy,24312,East Carolina,48,4,376,4381,34,48,1503,16391,118,0.2672808248429016,0.288135593220339,0,70,192,1991-12-18,91.18815238625429,1991,17.2917
JH-1500,Justin,Harper,821,Virginia Tech,32,3,78,1254,7,37,581,7593,48,0.1651521137890162,0.14583333333333334,5,75,205,1985-02-24,94.82535692256947,1985,0
JH-1500,Justin,Harper,875,Central Michigan,10,1,63,603,4,11,258,2821,16,0.21375398794753633,0.25,1,75,205,1985-02-24,94.82535692256947,1985,0
JH-3260,Junior,Hemingway,827,Michigan,32,4,84,1601,11,48,752,9729,71,0.16455956418953643,0.15492957746478872,16,73,222,1988-12-27,110.2226667233379,1988,13.15
JH-3450,Javontee,Herndon,911,Arkansas,27,4,62,910,7,48,1022,13670,100,0.06656912948061448,0.07,21,72,195,1991-06-29,97.6864921074022,1991,24.375
JH-3700,Johnnie Lee,Higgins,24312,Texas-El Paso,48,4,190,3218,32,47,995,12960,100,0.24830246913580248,0.32,-1,72,185,1983-09-08,91.85222226944825,1983,14.1636
JH-4000,Jason,Hill,905,Washington State,32,4,148,2704,32,46,927,12371,90,0.2185757012367634,0.35555555555555557,14,73,204,1985-02-20,117.14538278943473,1985,26.075
JH-4700,Johnathan,Holland,24312,Louisiana Tech,37,4,85,1426,6,48,827,10874,66,0.13113849549383852,0.09090909090909091,11,72,191,1985-02-18,97.41443567500241,1985,0
JH-4800,Jesse,Holley,821,North Carolina,12,1,37,466,2,12,169,2156,11,0.21614100185528756,0.18181818181818182,0,NA,NA,NA,NA,NA,21.125
JH-5300,Jeremy,Horne,821,Syracuse,1,1,0,0,0,12,161,1893,13,0,0,11,NA,NA,NA,NA,NA,0
JH-5300,Jeremy,Horne,875,Massachusetts,31,3,84,1338,11,36,661,8675,65,0.1542363112391931,0.16923076923076924,5,NA,NA,NA,NA,NA,0
JH-5750,Josh,Huff,905,Oregon,43,4,144,2366,24,49,1014,13305,138,0.17782788425403984,0.17391304347826086,6,71,206,1991-10-14,104.12566335361626,1991,14.1351
JH-6400,Justin,Hunter,911,Tennessee,24,3,106,1814,18,36,746,10051,79,0.18047955427320664,0.22784810126582278,12,76,196,1991-05-20,108.47761044435819,1991,30.3488
JJ-1800,Justin,Jenkins,911,Mississippi State,12,1,62,880,9,12,207,2424,15,0.36303630363036304,0.6,0,NA,NA,NA,NA,NA,0
JJ-2000,Jerrel,Jernigan,818,Troy,50,4,262,3128,18,48,1306,14692,106,0.2129049823032943,0.16981132075471697,-2,69,189,1989-06-14,95.53276880501686,1989,13.4828
JJ-2800,Jaymar,Johnson,916,Jackson State,30,3,88,1425,10,34,483,6426,40,0.22175536881419233,0.25,4,71,177,1984-07-10,86.32830361225423,1984,1.8
JJ-4200,James,Jones,5486,San Jose State,34,4,126,1496,12,45,766,9616,70,0.15557404326123128,0.17142857142857143,11,73,208,1984-03-31,97.91966504291771,1984,43.2877
JJ-4700,Julio,Jones,911,Alabama,39,3,179,2653,15,38,660,8423,52,0.3149709129763742,0.28846153846153844,-1,75,220,1989-02-03,124.02058010855447,1989,97.0471
JK-0250,Jermaine,Kearse,905,Washington,48,4,180,2871,29,48,876,10609,82,0.27061928551230086,0.35365853658536583,0,73,209,1990-02-06,101.93568053650358,1990,34.25
JK-0900,Jordan,Kent,905,Oregon,15,2,47,605,5,23,591,6787,46,0.08914100486223663,0.10869565217391304,8,NA,NA,NA,NA,NA,1.6667
JK-1000,Jeremy,Kerley,25354,Texas Christian,45,4,120,1299,12,48,897,11319,80,0.11476278823217599,0.15,3,69,188,1988-11-08,86.96179073874664,1988,32.1333
JK-2125,Jonathan,Krause,911,Vanderbilt,42,4,98,1200,3,48,816,10298,62,0.11652748106428433,0.04838709677419355,6,71,190,1992-01-18,103.24930918897756,1992,5.5
JL-0215,Jarvis,Landry,911,LSU,28,3,137,1812,15,37,593,8105,56,0.22356570018507094,0.26785714285714285,9,72,205,1992-11-28,79.1972935656366,1992,64.4286
JM-0200,Jeremy,Maclin,911,Missouri,28,2,182,2315,22,26,798,9025,75,0.2565096952908587,0.29333333333333333,-2,72,198,1988-05-11,100.98459823900774,1988,63.7238
JM-0300,John,Madsen,905,Utah,20,3,85,1146,12,33,693,9268,76,0.12365127319810099,0.15789473684210525,13,NA,NA,NA,NA,NA,13.7778
JM-0400,Jeff,Maehl,905,Oregon,42,4,178,2311,24,48,899,11061,93,0.20893228460356206,0.25806451612903225,6,73,190,1989-03-16,87.88691617213756,1989,11.3
JM-1550,Jordan,Matthews,911,Vanderbilt,42,4,262,3760,24,48,816,10298,62,0.3651194406680909,0.3870967741935484,6,75,212,1992-07-16,109.10231759276564,1992,58.1087
JM-6000,Johnnie,Morant,821,Syracuse,12,1,46,799,5,12,186,2164,10,0.3692236598890943,0.5,0,76,229,1981-12-07,110.70297967775846,1981,15
JM-6200,Joe,Morgan,827,Illinois,2,1,3,32,0,12,182,2192,15,0.014598540145985401,0,10,72,184,1988-03-23,98.18318420872889,1988,31.4
JM-6300,Josh,Morgan,821,Virginia Tech,45,4,122,1817,16,49,760,10037,72,0.18103018830327788,0.2222222222222222,4,NA,NA,NA,NA,NA,29.4023
JN-0900,Jordy,Nelson,25354,Kansas State,32,3,206,2822,20,35,700,8285,46,0.34061557030778516,0.43478260869565216,3,75,217,1985-05-31,104.90195017499383,1985,59.9552
JN-1300,Jamar,Newsome,823,Central Florida,26,3,65,986,7,37,547,6745,49,0.14618235730170498,0.14285714285714285,11,NA,NA,NA,NA,NA,10.4286
JN-1900,Jordan,Norwood,827,Penn State,43,4,158,2015,13,47,866,10958,73,0.18388392042343493,0.1780821917808219,4,NA,NA,NA,NA,NA,21.75
JR-3270,Jeremy,Ross,905,California,33,3,57,764,3,36,611,7493,60,0.10196183104230615,0.05,3,NA,NA,NA,NA,NA,10.3265
JS-0650,Jalen,Saunders,25354,Oklahoma,22,2,123,1558,11,24,632,7323,58,0.2127543356547863,0.1896551724137931,2,69,165,1992-09-30,90.48741714962522,1992,0.875
JS-0650,Jalen,Saunders,5486,Fresno State,26,2,80,1527,15,25,507,6422,50,0.237776393646839,0.3,-1,69,165,1992-09-30,90.48741714962522,1992,0.875
JS-2300,Jordan,Shipley,25354,Texas,48,4,248,3191,33,49,1226,14134,118,0.22576765246922315,0.2796610169491525,1,71,190,1985-12-23,84.8696223927159,1985,35.75
JS-3300,Jerome,Simpson,826,Coastal Carolina,41,4,161,2720,44,45,625,8245,68,0.32989690721649484,0.6470588235294118,4,74,189,1986-02-04,99.03819633094014,1986,35.7966
JS-4500,Jonathan,Smith,821,Georgia Tech,13,1,78,1138,5,12,199,2214,13,0.5140018066847335,0.38461538461538464,-1,NA,NA,NA,NA,NA,5.9231
JS-7075,Jaelen,Strong,905,Arizona State,25,2,150,2184,17,25,606,7417,62,0.29445867601456116,0.27419354838709675,0,74,217,1994-01-25,114.74542309392585,1994,18.1765
JT-0250,Julian,Talley,875,Massachusetts,42,4,162,2090,11,45,855,10695,68,0.1954184198223469,0.16176470588235295,3,73,192,1989-06-09,86.51282270243719,1989,0
JT-0800,Jamaar,Taylor,911,Texas A&M,5,1,25,456,4,12,178,2551,12,0.1787534300274402,0.3333333333333333,7,NA,NA,NA,NA,NA,20.8571
JT-1050,Jordan,Taylor,24312,Rice,40,4,171,2527,19,49,848,10900,79,0.2318348623853211,0.24050632911392406,9,76,204,1992-02-18,97.74767222390066,1992,19
JV-0375,Justin,Veltung,99001,Idaho,36,4,62,901,8,49,1040,12615,81,0.07142290923503765,0.09876543209876543,13,70,184,1991-03-30,88.94911904239109,1991,0
JW-1300,Jeff,Webb,5486,San Diego State,33,3,218,2678,20,35,727,8079,46,0.33147666790444363,0.43478260869565216,2,74,200,1982-01-31,106.72085240079227,1982,14.1481
JW-2650,Jordan,White,875,Western Michigan,34,3,287,3970,31,36,985,11144,94,0.35624551328068915,0.32978723404255317,2,72,210,1988-06-04,91.39560800765902,1988,13
JW-6545,James,Wright,911,LSU,13,3,25,304,0,37,554,6789,43,0.04477831786713802,0,24,73,201,1991-12-31,101.59834142755761,1991,9.85
JW-6560,Jarius,Wright,911,Arkansas,45,4,168,2934,24,48,1100,15225,113,0.19270935960591132,0.21238938053097345,3,70,180,1989-11-25,96.92692160882808,1989,32.1207
KA-0250,Kris,Adams,24312,Texas-El Paso,37,3,139,2608,30,36,717,9669,74,0.26972799669045405,0.40540540540540543,-1,NA,NA,NA,NA,NA,8.6667
KA-0400,Kamar,Aiken,823,Central Florida,45,4,121,1924,17,50,745,9227,64,0.2085184783786713,0.265625,5,NA,NA,NA,NA,NA,33.234
KA-0650,Keenan,Allen,905,California,33,3,205,2570,17,36,644,7826,46,0.32839253769486326,0.3695652173913043,3,74,206,1992-04-27,93.63437242482406,1992,69.675
KB-0950,Kelvin,Benjamin,821,Florida State,27,2,84,1506,19,26,597,8386,68,0.17958502265680898,0.27941176470588236,-1,77,240,1991-02-05,106.27657156497303,1991,60.5
KB-1900,Kenny,Britt,823,Rutgers,31,3,178,3043,17,36,627,8926,59,0.340914183284786,0.288135593220339,5,75,215,1988-09-19,105.7993724211083,1988,48.81
KB-2700,Keenan,Burton,911,Kentucky,33,4,169,2155,23,46,976,11042,86,0.19516391957978627,0.26744186046511625,13,72,202,1984-10-29,103.95598185725783,1984,19.3182
KC-1250,Kaelin,Clay,905,Utah,13,1,39,462,4,12,230,2585,20,0.17872340425531916,0.2,-1,70,195,1992-01-02,99.45452856871974,1992,0
KC-1500,Keary,Colbert,905,USC,13,1,69,1013,9,12,274,3791,39,0.26721181746241096,0.23076923076923078,-1,NA,NA,NA,NA,NA,23.8429
KC-2100,Kevin,Cone,821,Georgia Tech,5,1,6,98,1,12,64,1091,9,0.08982584784601283,0.1111111111111111,7,NA,NA,NA,NA,NA,4
KD-1450,Kevin,Dorsey,821,Maryland,32,4,81,1092,9,48,843,10044,70,0.1087216248506571,0.12857142857142856,16,73,207,1990-02-23,103.69796854478079,1990,4
KD-1700,Kris,Durham,911,Georgia,26,3,56,1027,4,36,663,9351,72,0.10982782590097316,0.05555555555555555,10,NA,NA,NA,NA,NA,26.8846
KE-0250,Kevin,Elliott,876,Florida A&M,43,4,159,2209,20,44,644,8260,49,0.26743341404358356,0.40816326530612246,1,NA,NA,NA,NA,NA,13.5
KK-0500,Kelvin,Kight,911,Florida,13,1,39,591,3,12,244,3190,20,0.1852664576802508,0.15,-1,NA,NA,NA,NA,NA,3
KM-0450,Keshawn,Martin,827,Michigan State,45,4,127,1714,10,49,997,12886,88,0.13301257178333076,0.11363636363636363,4,71,189,1990-03-15,99.03819633094014,1990,12.3667
KM-1400,Kenny,McKinley,911,South Carolina,46,4,207,2781,19,47,965,11917,85,0.23336410170344885,0.2235294117647059,1,71,182,1987-01-31,99.81036315898054,1987,0
KM-1700,Kerry,Meier,25354,Kansas,38,3,225,2304,18,36,956,11485,91,0.20060949063996517,0.1978021978021978,-2,74,224,1986-11-12,98.3354505078747,1986,0
KM-3250,Keith,Mumphery,827,Michigan State,38,4,84,1261,6,50,1039,13034,91,0.09674696946447751,0.06593406593406594,12,72,215,1992-06-05,104.86206370980034,1992,8.913
KN-0450,Kevin,Norwood,911,Alabama,30,4,81,1275,12,49,973,12869,103,0.09907529722589167,0.11650485436893204,19,74,198,1989-09-23,101.89744756305471,1989,12.75
KO-0300,Kevin,Ogletree,821,Virginia,27,3,117,1332,9,35,696,7009,32,0.19004137537451848,0.28125,8,73,198,1987-08-05,109.58452483664756,1987,18.8214
KP-0700,Kealoha,Pilares,5486,Hawaii,46,4,209,2491,22,51,1484,19154,142,0.13005116424767674,0.15492957746478872,5,70,201,1988-02-20,92.97510605578763,1988,2.4706
KR-1000,Kevin,Robinson,5486,Utah State,44,4,178,2485,21,46,727,8067,45,0.3080451221023925,0.4666666666666667,2,72,190,1984-12-19,78.54024031124037,1984,0
KS-1750,Kevin,Smith,905,Washington,36,4,72,1059,4,48,1026,12087,100,0.08761479275254405,0.04,12,71,214,1991-12-21,100.74427076530958,1991,10.6667
KS-2100,Kendrick,Starling,5486,San Jose State,10,1,28,296,0,11,273,3106,18,0.0952994204764971,0,1,72,193,1979-12-27,94.97339012685536,1979,0
KS-2350,Kenny,Stills,25354,Oklahoma,38,3,204,2594,24,37,1155,13744,97,0.18873690337601862,0.24742268041237114,-1,72,194,1992-04-22,105.42297885611393,1992,44.6094
KT-0175,Kerry,Taylor,905,Arizona State,35,4,112,1433,7,48,997,12100,84,0.11842975206611571,0.08333333333333333,13,72,200,1989-02-20,95.83105119990262,1989,38.1667
KT-0450,Kenbrell,Thompkins,823,Cincinnati,24,2,78,1077,4,24,433,5814,45,0.18524251805985553,0.08888888888888889,0,73,190,1988-07-29,96.0382331902286,1988,28.8065
KW-0887,Kevin,White,25354,West Virginia,22,2,137,1825,14,24,592,7280,42,0.2506868131868132,0.3333333333333333,2,75,215,1992-06-25,120.09126726850899,1992,46.75
KW-1175,Kasen,Williams,905,Washington,40,4,157,1842,15,49,1076,12430,100,0.148189863234111,0.15,9,73,210,1992-12-05,91.39560800765902,1992,4
KW-1800,Kyle,Williams,905,Arizona State,40,4,109,1626,18,48,908,11229,84,0.144803633449105,0.21428571428571427,8,70,186,1988-07-19,99.25039273273681,1988,16.7429
KW-2550,Kendall,Wright,25354,Baylor,50,4,302,4005,30,48,1058,13324,92,0.3005854097868508,0.32608695652173914,-2,70,196,1989-11-12,96.44966043970804,1989,48.9394
LB-0850,LaVon,Brazill,875,Ohio,42,4,173,2310,18,50,892,11190,94,0.2064343163538874,0.19148936170212766,8,71,192,1989-03-15,99.70485803872485,1989,21.3478
LB-1900,LaRon,Byrd,821,Miami (FL),41,4,106,1254,7,48,946,11874,89,0.1056088933804952,0.07865168539325842,7,NA,NA,NA,NA,NA,4
LE-0300,Lee,Evans,827,Wisconsin,13,1,64,1213,13,12,184,2833,18,0.4281680197670314,0.7222222222222222,-1,70,202,1981-03-11,108.7735453610182,1981,51.0672
LF-0200,Larry,Fitzgerald,821,Pittsburgh,13,1,92,1672,22,12,251,3746,38,0.44634276561665776,0.5789473684210527,-1,NA,NA,NA,NA,NA,72.6825
LH-0600,Leonard,Hankerson,821,Miami (FL),36,4,134,2160,22,48,884,11110,84,0.19441944194419442,0.2619047619047619,12,73,209,1989-01-30,111.52329075882791,1989,37.7632
LH-1100,Lavelle,Hawkins,905,California,34,3,136,1748,12,35,678,8747,68,0.19983994512404252,0.17647058823529413,1,71,194,1986-07-12,88.95429566600927,1986,19.275
LL-1100,Lance,Long,911,Mississippi State,24,3,46,321,1,35,506,5925,32,0.054177215189873416,0.03125,11,NA,NA,NA,NA,NA,22.25
LM-1500,Lance,Moore,875,Toledo,25,2,193,2383,23,24,608,7220,57,0.3300554016620499,0.40350877192982454,-1,NA,NA,NA,NA,NA,38.3721
LM-1800,Louis,Murphy,911,Florida,28,3,77,1245,13,38,707,9647,94,0.1290556649735669,0.13829787234042554,10,74,200,1987-05-11,114.84841449944582,1987,30.1558
LN-0100,Legedu,Naanee,5486,Boise State,38,4,74,1073,12,48,946,13444,96,0.07981255578696816,0.125,10,74,215,1983-09-16,113.68786159075603,1983,20.9508
LP-0400,Logan,Payne,827,Minnesota,25,3,96,1333,11,34,531,7712,59,0.17284751037344398,0.1864406779661017,9,NA,NA,NA,NA,NA,19.5
LS-2200,Limas,Sweed,25354,Texas,40,4,124,1915,20,47,898,11361,91,0.1685591057125253,0.21978021978021978,7,77,220,1984-12-25,109.22966972583035,1984,6.8462
LT-0250,Lamaar,Thomas,5486,New Mexico,15,2,24,321,3,25,281,3111,12,0.10318225650916105,0.25,10,72,185,1990-04-23,96.06978508939633,1990,15.5
LT-0250,Lamaar,Thomas,827,Ohio State,9,1,1,10,0,12,174,2257,19,0.004430660168365086,0,3,72,185,1990-04-23,96.06978508939633,1990,15.5
LW-1150,Lucky,Whitehead,24312,Florida Atlantic,19,2,85,898,8,24,409,4898,34,0.1833401388321764,0.23529411764705882,5,70,163,1992-06-02,87.7727123457721,1992,2.3704
LW-1200,LaQuan,Williams,821,Maryland,23,4,33,436,3,48,895,10650,63,0.04093896713615024,0.047619047619047616,25,NA,NA,NA,NA,NA,4.1818
MA-0475,Mario,Alford,25354,West Virginia,21,2,89,1440,12,24,592,7280,42,0.1978021978021978,0.2857142857142857,3,68,180,1992-02-25,108.29066001178299,1992,3.75
MB-3400,Mark,Bradley,25354,Oklahoma,17,2,34,685,9,25,567,7410,79,0.09244264507422402,0.11392405063291139,8,73,201,1982-01-29,110.23012634590708,1982,26.2857
MB-4050,Marlon,Brown,911,Georgia,24,4,55,851,8,50,921,13240,123,0.0642749244712991,0.06504065040650407,26,76,213,1991-04-22,92.70125955062558,1991,24.7105
MB-4550,Martavis,Bryant,821,Clemson,25,3,61,1354,13,37,1002,12877,117,0.1051487147627553,0.1111111111111111,12,76,211,1991-12-20,111.57273858441638,1991,64.9167
MB-5000,Michael,Bumpus,905,Washington State,40,4,195,2022,8,46,975,12675,94,0.1595266272189349,0.0851063829787234,6,NA,NA,NA,NA,NA,12
MC-0350,Michael,Campbell,823,Temple,29,4,83,1253,9,48,708,9049,65,0.13846833904298816,0.13846153846153847,19,74,205,1989-08-12,97.36235020407359,1989,0
MC-1400,Mark,Clayton,25354,Oklahoma,27,2,149,2301,23,25,567,7410,79,0.3105263157894737,0.2911392405063291,-2,70,193,1982-07-02,102.05468505588797,1982,41.907
MC-1500,Michael,Clayton,911,LSU,14,1,78,1079,10,13,255,3257,30,0.3312864599324532,0.3333333333333333,-1,76,197,1982-10-13,82.83782730390685,1982,35.6429
MC-2900,Michael,Crabtree,25354,Texas Tech,26,2,231,3127,41,24,1009,11485,98,0.2722681758815847,0.41836734693877553,-2,NA,NA,NA,NA,NA,56.675
ME-0100,Marcus,Easley,823,Connecticut,14,3,53,997,8,36,581,7068,35,0.1410582908885116,0.22857142857142856,22,75,216,1987-11-02,116.31230593059371,1987,4.4375
ME-0600,Mike,Evans,911,Texas A&M,26,2,151,2499,17,24,699,9110,72,0.2743139407244786,0.2361111111111111,-2,77,231,1993-08-21,116.7622729839095,1993,77.8913
MF-0800,Malcom,Floyd,5486,Wyoming,12,1,63,834,6,12,249,3134,23,0.26611359285258457,0.2608695652173913,0,NA,NA,NA,NA,NA,49.3805
MF-0950,Michael,Floyd,99001,Notre Dame,42,4,271,3686,37,48,1159,13652,104,0.26999707002636975,0.3557692307692308,6,75,220,1989-11-27,117.3929376408715,1989,48.275
MG-0300,Michael,Gasperson,21451,San Diego,10,1,54,894,7,11,249,3032,25,0.2948548812664908,0.28,1,NA,NA,NA,NA,NA,0
MG-0700,Mardy,Gilyard,823,Cincinnati,37,3,204,3003,25,37,887,11276,101,0.2663178432068109,0.24752475247524752,0,72,187,1986-12-02,82.80716201104148,1986,7.0909
MG-1050,Marquise,Goodwin,25354,Texas,43,4,120,1368,7,49,1099,12517,80,0.10929136374530639,0.0875,6,69,183,1990-11-19,116.50718309959908,1990,21.1667
MH-1500,Mike,Hass,905,Oregon State,35,3,220,3924,20,34,830,11284,67,0.34774902516838,0.29850746268656714,-1,73,210,1983-01-02,94.62339983079067,1983,0
MH-2150,Matt,Hazel,826,Coastal Carolina,29,3,113,1563,19,36,652,7984,69,0.19576653306613226,0.2753623188405797,7,73,198,1992-01-23,100.08194827192243,1992,0
MJ-0800,Michael,Jenkins,827,Ohio State,13,1,55,834,7,12,209,2694,20,0.30957683741648107,0.35,-1,NA,NA,NA,NA,NA,36.1783
MJ-1300,Manuel,Johnson,25354,Oklahoma,37,3,109,1540,16,39,826,11201,112,0.13748772431032943,0.14285714285714285,2,NA,NA,NA,NA,NA,3
MJ-2100,Mark,Jones,911,Tennessee,13,1,36,556,5,12,238,3035,28,0.18319604612850082,0.17857142857142858,-1,NA,NA,NA,NA,NA,0.6613
MJ-2250,Marvin,Jones,905,California,39,4,156,2270,13,48,858,10708,77,0.21199103474038103,0.16883116883116883,9,74,200,1990-03-12,101.09287704234589,1990,49.7627
MK-0500,Malcolm,Kelly,25354,Oklahoma,33,3,144,2285,21,37,655,8440,71,0.2707345971563981,0.29577464788732394,4,NA,NA,NA,NA,NA,18.25
MK-1300,Max,Komar,99001,Idaho,44,4,136,2108,15,48,785,10631,70,0.1982880255855517,0.21428571428571427,4,NA,NA,NA,NA,NA,14.625
ML-0650,Marqise,Lee,905,USC,36,3,248,3655,29,37,865,10734,102,0.3405068008198249,0.28431372549019607,1,72,192,1991-11-25,91.99780915190651,1991,39.5676
MM-0600,Maurice,Mann,5486,Nevada,8,1,35,594,2,12,190,2588,15,0.22952086553323028,0.13333333333333333,4,73,190,1982-09-14,87.12018647701939,1982,0
MM-0700,Mario,Manningham,827,Michigan,32,3,137,2310,27,35,669,8086,70,0.2856789512738066,0.38571428571428573,3,72,185,1986-05-25,83.35870937474417,1986,44.6765
MM-1300,Mohamed,Massaquoi,911,Georgia,50,4,158,2282,16,48,830,11578,85,0.19709794437726724,0.18823529411764706,-2,74,207,1986-11-24,92.46322018574837,1986,32.3148
MM-1700,Marcus,Maxwell,905,Oregon,12,2,36,401,2,23,477,5920,46,0.06773648648648649,0.043478260869565216,11,NA,NA,NA,NA,NA,2.5
MM-3050,Marvin,McNutt,827,Iowa,39,4,170,2861,28,48,866,11353,86,0.2520038756275874,0.32558139534883723,9,75,216,1989-07-04,107.24367573081524,1989,0
MM-3500,Marko,Mitchell,5486,Nevada,38,3,153,2763,22,36,642,8741,74,0.31609655645807117,0.2972972972972973,-2,75,204,1985-03-11,105.93641166614515,1985,8
MM-4500,Marlon,Moore,5486,Fresno State,31,4,90,1374,10,48,810,9943,70,0.1381876697173891,0.14285714285714285,17,NA,NA,NA,NA,NA,8.7955
MN-0100,Martin,Nance,875,Miami (OH),30,3,196,2942,26,36,894,11619,89,0.2532059557621138,0.29213483146067415,6,77,215,1983-05-26,100.32816496971834,1983,33
MP-2600,Maurice,Purify,827,Nebraska,24,2,91,1444,16,25,540,7303,63,0.19772696152266192,0.25396825396825395,1,NA,NA,NA,NA,NA,0
MS-0150,Mohamed,Sanu,823,Rutgers,38,3,210,2263,12,36,597,7967,52,0.2840466926070039,0.23076923076923078,-2,73,211,1989-08-22,92.62848239804268,1989,35.04
MS-2500,Marcus,Smith,5486,New Mexico,42,4,153,2073,13,46,760,9349,56,0.22173494491389453,0.23214285714285715,4,73,214,1985-01-11,103.45169279930268,1985,0
MS-5100,Maurice,Stovall,99001,Notre Dame,28,3,112,1883,15,34,684,8729,59,0.2157177225340818,0.2542372881355932,6,76,215,1985-02-21,98.58336890820615,1985,19.0857
MT-0900,Mike,Thomas,905,Arizona,47,4,259,3231,22,47,1001,11438,80,0.28247945445007866,0.275,0,68,198,1987-06-04,115.830081949783,1987,30.2542
MW-0400,Mike,Walker,823,Central Florida,28,3,163,2224,17,35,636,7863,48,0.2828436983339692,0.3541666666666667,7,74,197,1984-11-07,110.03711465998265,1984,41.814
MW-0500,Mike,Wallace,911,Mississippi,34,3,101,1910,15,36,524,7079,53,0.2698121203559825,0.2830188679245283,2,72,199,1986-08-01,118.60636499801366,1986,57.0611
MW-1250,Markus,Wheaton,905,Oregon State,46,4,227,2994,16,48,1181,13532,85,0.22125332545078333,0.18823529411764706,2,71,189,1991-02-07,100.85120551874869,1991,37.2045
MW-1475,Myles,White,24312,Louisiana Tech,21,2,86,1132,9,24,643,7440,54,0.1521505376344086,0.16666666666666666,3,72,182,1990-03-03,95.37011498534977,1990,11
MW-2700,Mike,Williams,821,Syracuse,21,2,84,1298,14,24,363,4643,31,0.279560628903726,0.45161290322580644,3,77,229,1984-01-04,105.92686212326053,1984,28.7321
MW-2700,Mike,Williams,905,USC,13,1,95,1314,16,12,274,3791,39,0.3466103930361382,0.41025641025641024,-1,77,229,1984-01-04,105.92686212326053,1984,28.7321
MW-2800,Mike,Williams,821,Syracuse,28,3,133,2044,20,36,592,7089,47,0.2883340386514318,0.425531914893617,8,73,212,1987-05-18,100.68691825982245,1987,52.3559
MW-3100,Matt,Willis,905,UCLA,14,2,24,248,3,23,471,5848,50,0.04240766073871409,0.06,9,NA,NA,NA,NA,NA,12.3333
MW-3250,Marquess,Wilson,905,Washington State,33,3,189,3207,23,36,889,10758,72,0.2981037367540435,0.3194444444444444,3,75,194,1992-09-14,98.94450534529041,1992,32.375
NA-0050,Nelson,Agholor,905,USC,34,3,172,2482,19,37,874,11064,102,0.22433116413593637,0.18627450980392157,3,72,198,1993-05-24,108.58490057955026,1993,23.5714
NH-1500,Nate,Hughes,916,Alcorn State,21,3,86,940,8,32,420,5620,37,0.16725978647686832,0.21621621621621623,11,NA,NA,NA,NA,NA,11.6667
NM-0600,Nick,Miller,912,Western Carolina,11,2,18,189,1,22,360,4429,31,0.04267328968164371,0.03225806451612903,11,NA,NA,NA,NA,NA,3
NP-0050,Nathan,Palmer,875,Northern Illinois,39,4,93,1575,16,50,805,10156,79,0.15508074044899567,0.20253164556962025,11,NA,NA,NA,NA,NA,-1.3333
NR-0500,Naaman,Roosevelt,875,Buffalo,48,4,268,3551,28,49,996,10997,71,0.3229062471583159,0.39436619718309857,1,NA,NA,NA,NA,NA,30.4615
NT-0180,Nick,Toon,827,Wisconsin,43,4,171,2447,18,49,833,11092,78,0.2206094482509917,0.23076923076923078,6,74,215,1988-11-04,105.7993724211083,1988,25.7273
NW-0500,Nick,Williams,823,Connecticut,34,4,43,588,2,48,803,9903,50,0.05937594668282339,0.04,14,69,183,1990-11-23,80.33655108455835,1990,12.9444
OB-0075,Odell,Beckham Jr.,911,LSU,38,3,143,2340,12,37,593,8105,56,0.2887106724244294,0.21428571428571427,-1,71,198,1992-11-05,107.5966485232503,1992,94.0455
OS-0500,O.J.,Small,911,Florida,25,2,98,1098,5,23,487,6444,49,0.17039106145251395,0.10204081632653061,-2,NA,NA,NA,NA,NA,6
PD-0800,Phillip,Dorsett,821,Miami (FL),38,4,116,2090,16,48,953,13233,95,0.15793848711554448,0.16842105263157894,10,70,185,1993-01-05,110.26219861624386,1993,28.9615
PE-0150,Pat,Edwards,823,Houston,48,4,291,4510,43,50,1715,21540,180,0.20937790157845868,0.2388888888888889,2,69,175,1988-10-25,79.54376298225345,1988,15.3333
PF-0200,P.J.,Fleck,875,Northern Illinois,12,1,77,1028,6,12,207,2627,25,0.39132089836315187,0.24,0,NA,NA,NA,NA,NA,0
PH-0400,Percy,Harvin,911,Florida,36,3,133,1929,13,38,707,9647,94,0.1999585363325386,0.13829787234042554,2,71,184,1988-05-28,99.08085320013538,1988,52.3718
PH-0700,Paul,Hubbard,827,Wisconsin,18,2,52,932,5,24,394,5454,38,0.17088375504217088,0.13157894736842105,6,75,214,1985-06-12,105.30728231682407,1985,8
PP-0100,Preston,Parker,821,Florida State,26,3,104,1189,5,36,706,8688,52,0.13685543278084714,0.09615384615384616,10,NA,NA,NA,NA,NA,24.2273
PR-0150,Paul,Richardson,905,Colorado,32,3,157,2426,21,37,726,8809,63,0.2754001589283687,0.3333333333333333,5,72,175,1992-04-13,99.56723776876545,1992,25.8966
PT-1000,Patrick,Turner,905,USC,41,4,138,1752,17,48,1127,14073,129,0.1244937113621829,0.13178294573643412,7,NA,NA,NA,NA,NA,9.3846
PW-0300,Paris,Warren,905,Utah,23,2,156,1885,16,22,435,5734,50,0.3287408440878968,0.32,-1,72,213,1982-09-06,86.56173857904011,1982,15.75
PW-1000,Paul,Williams,5486,Fresno State,24,3,69,1028,8,35,624,7416,70,0.13861920172599784,0.11428571428571428,11,73,205,1983-12-02,104.55476080301305,1983,3.5
QB-0250,Quan,Bray,911,Auburn,41,4,88,799,7,49,706,9552,70,0.08364740368509213,0.1,8,70,195,1993-04-28,95.10745313214449,1993,2.4
QC-0400,Quan,Cosby,25354,Texas,47,4,212,2598,19,48,1082,13386,115,0.19408337068579112,0.16521739130434782,1,69,191,1982-12-23,93.15653101661331,1982,2.1556
QE-0100,Quincy,Enunwa,827,Nebraska,38,4,115,1528,15,50,784,9866,80,0.1548753294141496,0.1875,12,74,225,1992-05-31,115.7925540489258,1992,43.4074
QP-0050,Quinton,Patton,24312,Louisiana Tech,25,2,183,2594,24,24,643,7440,54,0.3486559139784946,0.4444444444444444,-1,72,204,1990-08-09,101.28569374576995,1990,23.8158
RB-3700,Reggie,Brown,911,Georgia,24,2,102,1522,9,24,475,6407,38,0.23755267675979397,0.23684210526315788,0,73,197,1981-01-13,100.4745750155784,1981,39.7101
RB-4150,Ryan,Broyles,25354,Oklahoma,48,4,349,4586,45,50,1429,18007,146,0.2546787360470928,0.3082191780821918,2,70,188,1988-04-09,86.20313188252445,1988,24.7059
RB-4500,Romby,Bryant,24312,Tulsa,13,1,47,748,8,12,211,2549,23,0.2934484111416242,0.34782608695652173,-1,NA,NA,NA,NA,NA,0
RC-1500,Randall,Cobb,911,Kentucky,34,3,144,1661,13,36,706,7559,50,0.21973806059002512,0.26,2,70,192,1990-08-22,97.04916196065206,1990,55.2609
RC-2300,Riley,Cooper,911,Florida,32,4,81,1496,18,51,956,12952,122,0.11550339715873996,0.14754098360655737,19,75,222,1987-09-09,105.43630119660652,1987,33.8378
RG-1300,Richard,Goodman,821,Florida State,13,3,50,572,3,36,791,9716,50,0.05887196377109922,0.06,23,NA,NA,NA,NA,NA,1.1364
RG-1650,Ryan,Grant,24312,Tulane,37,4,187,2730,20,49,1060,11812,73,0.2311208940060955,0.273972602739726,12,72,199,1990-12-19,87.36051183512082,1990,12.875
RG-1812,Rashad,Greene,821,Florida State,50,4,264,3771,29,51,1174,15980,119,0.23598247809762202,0.24369747899159663,1,71,182,1992-09-23,89.56039897972889,1992,7.3529
RH-0300,Roy,Hall,827,Ohio State,29,4,52,580,3,46,793,10313,83,0.05623969746921361,0.03614457831325301,17,NA,NA,NA,NA,NA,9
RH-1850,Robert,Herron,5486,Wyoming,40,4,152,2030,20,48,980,11287,91,0.17985292814742623,0.21978021978021978,8,69,193,1992-06-02,96.6845793678391,1992,9.6667
RM-1500,Rishard,Matthews,5486,Nevada,26,2,147,2243,13,25,512,6583,42,0.3407261127145678,0.30952380952380953,-1,72,210,1989-10-12,98.86120028371501,1989,41.0702
RM-3500,Robert,Meachem,911,Tennessee,34,3,125,2140,17,35,661,8391,62,0.25503515671552857,0.27419354838709675,1,74,215,1984-09-28,115.77382303276688,1984,33.0412
RP-0300,Roscoe,Parrish,821,Miami (FL),22,2,67,1015,10,23,452,5625,37,0.18044444444444444,0.2702702702702703,1,70,168,1982-07-16,92.13264291598203,1982,16.4667
RP-0400,Rich,Parson,821,Maryland,20,2,39,564,2,23,361,4964,28,0.11361804995970991,0.07142857142857142,3,NA,NA,NA,NA,NA,0
RR-0130,Rueben,Randle,911,LSU,33,3,97,1634,13,37,544,6540,50,0.24984709480122325,0.26,4,75,208,1991-05-07,97.06166657535542,1991,43.1475
RR-1000,Ryne,Robinson,875,Miami (OH),50,4,258,3697,22,48,1135,14398,104,0.2567717738574802,0.21153846153846154,-2,69,179,1984-11-04,89.6711901908974,1984,2.3333
RR-1150,Rashad,Ross,905,Arizona State,21,2,55,866,7,24,608,7506,60,0.11537436717292833,0.11666666666666667,3,72,175,1990-02-02,95.97150303748128,1990,10.7778
RS-0975,Russell,Shepard,911,LSU,40,4,58,576,5,49,752,9152,62,0.06293706293706294,0.08064516129032258,9,73,195,1990-09-17,98.56555511628724,1990,16.6154
RS-1700,Richard,Smith,911,Arkansas,11,1,30,573,7,12,167,2462,20,0.23273761169780666,0.35,1,NA,NA,NA,NA,NA,0
RS-2150,Rodney,Smith,821,Florida State,41,4,106,1540,10,50,1081,13532,89,0.1138043156961277,0.11235955056179775,9,76,219,1990-03-11,113.72585370042053,1990,0
RS-3250,Rod,Streater,823,Temple,20,2,49,882,7,24,285,3864,26,0.22826086956521738,0.2692307692307692,4,NA,NA,NA,NA,NA,36.4375
RW-0600,Roberto,Wallace,5486,San Diego State,25,3,73,940,4,36,790,9319,57,0.1008691919733877,0.07017543859649122,11,NA,NA,NA,NA,NA,8.8571
RW-1800,Ryan,Whalen,905,Stanford,36,4,140,1884,7,48,831,10463,69,0.1800630794227277,0.10144927536231885,12,73,202,1989-07-26,95.93753532303836,1989,10.4
RW-2200,Roddy,White,24312,Alabama-Birmingham,24,2,110,2296,21,23,364,5688,42,0.40365682137834036,0.5,-1,NA,NA,NA,NA,NA,64.2114
RW-2400,Reggie,Williams,905,Washington,12,1,89,1109,8,12,270,3236,17,0.3427070457354759,0.47058823529411764,0,NA,NA,NA,NA,NA,30.7089
RW-3200,Roy,Williams,25354,Texas,13,1,70,1079,9,12,187,2699,22,0.3997776954427566,0.4090909090909091,-1,NA,NA,NA,NA,NA,50.2783
RW-3300,Roydell,Williams,24312,Tulane,22,2,118,1832,21,23,455,5668,62,0.3232180663373324,0.3387096774193548,1,NA,NA,NA,NA,NA,29.7143
RW-4000,Rashaun,Woods,25354,Oklahoma State,13,1,77,1367,15,12,191,2561,21,0.5337758688012495,0.7142857142857143,-1,74,202,1980-10-17,101.19318669587305,1980,22.8571
RW-4050,Robert,Woods,905,USC,37,3,252,2933,32,37,873,10370,106,0.2828351012536162,0.3018867924528302,0,72,201,1992-04-10,105.32633578052365,1992,42.9298
SA-0500,Seyi,Ajirotutu,5486,Fresno State,39,4,129,1997,12,48,810,9943,70,0.2008448154480539,0.17142857142857143,9,75,204,1987-06-12,91.1231735163897,1987,16.3077
SB-0070,Stedman,Bailey,25354,West Virginia,35,3,210,3218,41,36,976,11583,100,0.27782094448761113,0.41,1,70,193,1990-11-11,97.55462634586378,1990,28.1
SB-0800,Shaun,Bodiford,825,Portland State,22,2,91,1132,10,22,303,3672,29,0.3082788671023965,0.3448275862068966,0,NA,NA,NA,NA,NA,2.1667
SB-1400,Steve,Breaston,827,Michigan,48,4,156,1696,10,46,976,11541,96,0.1469543367125899,0.10416666666666667,-2,72,189,1983-08-20,95.53276880501686,1983,42.1818
SC-0775,Sammie,Coates,911,Auburn,29,3,78,1733,13,37,542,7526,53,0.2302684028700505,0.24528301886792453,8,73,212,1993-03-31,110.09078075109203,1993,30.0556
SD-0525,Skye,Dawson,25354,Texas Christian,43,4,91,1126,6,48,888,11901,104,0.0946138979917654,0.057692307692307696,5,69,160,1990-12-02,85.37668192063381,1990,2
SD-0537,Stefon,Diggs,821,Maryland,27,3,140,2089,14,36,637,8510,56,0.245475910693302,0.25,9,72,195,1993-11-29,102.18226605573189,1993,61.0741
SG-1200,Skyler,Green,911,LSU,37,3,104,1006,8,36,650,8590,71,0.11711292200232828,0.11267605633802817,-1,69,195,1984-09-12,92.61296726728952,1984,3
SH-1150,Stephen,Hill,821,Georgia Tech,31,3,49,1248,9,37,224,4716,31,0.26463104325699743,0.2903225806451613,6,76,215,1991-04-25,128.14255514860773,1991,25.8261
SH-1300,Santonio,Holmes,827,Ohio State,33,3,140,2295,25,34,572,7522,52,0.30510502525923955,0.4807692307692308,1,NA,NA,NA,NA,NA,55.4483
SH-1400,Sam,Hurd,875,Northern Illinois,32,3,121,1810,18,35,604,7877,71,0.2297829122762473,0.2535211267605634,3,NA,NA,NA,NA,NA,16.0652
SJ-0600,Steve,Johnson,911,Kentucky,20,2,73,1211,14,24,604,7340,71,0.16498637602179836,0.19718309859154928,4,74,202,1986-07-22,91.81622927094399,1986,51.2258
SM-3700,Sinorice,Moss,821,Miami (FL),27,3,65,1076,9,34,647,8211,57,0.1310437218365607,0.15789473684210525,7,68,185,1983-12-28,100.5322221050571,1983,13.1563
SP-0300,Samie,Parker,905,Oregon,13,1,77,1088,7,12,247,3288,24,0.3309002433090024,0.2916666666666667,-1,71,190,1981-03-25,102.31175058709631,1981,32.6739
SP-0450,Solomon,Patton,911,Florida,28,4,52,635,6,48,795,8815,49,0.07203630175836642,0.12244897959183673,20,69,171,1990-10-17,92.08057552838669,1990,0
SR-0500,Sidney,Rice,911,South Carolina,24,2,142,2233,23,23,458,5927,45,0.3767504639784039,0.5111111111111111,-1,75,202,1986-09-01,97.65066329653804,1986,46.3095
SS-0100,Steve,Sanders,875,Bowling Green,23,2,111,1839,21,22,562,7181,69,0.25609246623033005,0.30434782608695654,-1,NA,NA,NA,NA,NA,4.5
SS-2200,Steve,Smith,905,USC,43,4,190,3019,22,48,1142,14924,135,0.2022916108281962,0.16296296296296298,5,72,195,1985-05-06,100.35354684240237,1985,43.2308
SS-2800,Syndric,Steptoe,905,Arizona,31,3,122,1507,6,34,566,6428,38,0.23444306160547604,0.15789473684210525,3,68,190,1984-12-06,85.61164746595347,1984,12.1333
SS-3000,Sammie,Stroughter,905,Oregon State,41,4,164,2653,14,48,1042,12455,69,0.2130068245684464,0.2028985507246377,7,70,189,1986-01-03,88.9750802553435,1986,18.9091
SW-0450,Sammy,Watkins,821,Clemson,36,3,240,3391,27,37,1002,12877,117,0.26333773394424165,0.23076923076923078,1,73,211,1993-06-14,113.61989144145959,1993,66.4595
SW-1600,Stephen,Williams,875,Toledo,41,4,229,3102,21,48,959,10559,66,0.2937778198693058,0.3181818181818182,7,76,208,1986-06-29,101.44795000762079,1986,11.2222
SW-2350,Shane,Wynn,827,Indiana,46,4,189,2200,20,48,989,11548,77,0.19050917907862833,0.2597402597402597,2,66,157,1992-11-15,88.50559580474115,1992,9.5
TA-1050,Tavon,Austin,25354,West Virginia,52,4,288,3413,29,48,1196,14067,112,0.24262458235586834,0.25892857142857145,-4,68,174,1991-03-15,103.70606788771045,1991,27.8305
TA-1100,Terrence,Austin,905,UCLA,39,4,109,1192,5,48,890,10283,48,0.11591947875133715,0.10416666666666667,9,NA,NA,NA,NA,NA,14.1538
TB-1060,Travis,Benjamin,821,Miami (FL),45,4,131,2146,13,48,946,11874,89,0.18073100892706753,0.14606741573033707,3,70,175,1989-12-29,101.42825730770114,1989,35.7576
TB-1300,Taye,Biddle,911,Mississippi,30,3,76,1230,7,34,658,8133,47,0.15123570638140907,0.14893617021276595,4,NA,NA,NA,NA,NA,18.5
TB-3950,Trey,Burton,911,Florida,49,4,107,977,4,48,795,8815,49,0.11083380601247873,0.08163265306122448,-1,74,224,1991-10-29,101.81601661728443,1991,21.1667
TC-1650,Toney,Clemons,827,Michigan,7,1,11,101,0,12,165,1718,11,0.05878928987194412,0,5,NA,NA,NA,NA,NA,10.25
TC-1650,Toney,Clemons,905,Colorado,23,2,86,1162,11,25,491,5817,42,0.19975932611311673,0.2619047619047619,2,NA,NA,NA,NA,NA,10.25
TC-2500,Terrance,Copper,24312,East Carolina,12,1,87,897,2,12,211,2082,6,0.430835734870317,0.3333333333333333,0,72,207,1982-03-12,98.3122267914304,1982,14
TD-1800,Tandon,Doss,827,Indiana,27,3,154,1854,13,36,776,8605,53,0.21545613015688553,0.24528301886792453,9,74,207,1989-09-22,95.7504823559604,1989,15.8519
TG-1550,T.J.,Graham,821,North Carolina State,46,4,99,1456,12,48,1055,12733,112,0.11434854315557999,0.10714285714285714,2,71,180,1989-07-27,101.47138372518093,1989,18.0455
TG-1800,Tyler,Grisham,821,Clemson,42,4,132,1390,8,47,987,11260,77,0.12344582593250444,0.1038961038961039,5,NA,NA,NA,NA,NA,14
TG-2000,Tori,Gurley,911,South Carolina,24,2,75,905,6,25,496,6279,41,0.14413123108775283,0.14634146341463414,1,76,232,1987-11-22,110.1856841333906,1987,7.5
TK-0450,Tavarres,King,911,Georgia,47,4,134,2536,21,50,921,13240,123,0.19154078549848944,0.17073170731707318,3,72,189,1990-07-14,100.85120551874869,1990,27.2
TL-1012,Tony,Lippett,827,Michigan State,39,4,144,2173,15,50,1039,13034,91,0.1667178149455271,0.16483516483516483,11,74,192,1992-07-02,88.81204160552848,1992,0
TL-1025,Tyler,Lockett,25354,Kansas State,45,4,236,3546,27,48,860,11613,77,0.30534745543787134,0.35064935064935066,3,70,182,1992-09-28,105.48538760000919,1992,41.5455
TL-1200,Triandos,Luke,911,Alabama,11,1,32,432,4,13,201,2491,17,0.17342432757928541,0.23529411764705882,2,70,190,1981-12-24,91.8496337937734,1981,5.2
TM-1150,Tre,McBride,837,William & Mary,19,2,69,1043,10,22,314,3931,28,0.26532688883235817,0.35714285714285715,3,72,210,1992-12-01,113.08140854363278,1992,1.3333
TM-3150,Ty,Montgomery,905,Stanford,45,4,172,2125,15,50,987,12384,98,0.17159237726098192,0.15306122448979592,5,72,221,1993-01-22,107.7884468830971,1993,23.375
TM-3400,Terrence,Murphy,911,Texas A&M,23,2,100,1483,3,23,401,5685,30,0.26086191732629727,0.1,0,73,202,1982-12-15,108.7735453610182,1982,12
TP-1000,Tab,Perry,905,UCLA,8,1,22,375,3,11,204,2701,22,0.1388374676045909,0.13636363636363635,3,75,229,1982-01-20,115.75134421348604,1982,5.1905
TP-2200,Taylor,Price,875,Ohio,45,4,149,2019,14,50,829,9941,70,0.2030982798511216,0.2,5,72,212,1987-10-08,113.1241035448398,1987,20
TS-2000,Taj,Smith,821,Syracuse,16,2,56,1049,8,24,363,4643,31,0.22593150979969848,0.25806451612903225,8,72,194,1983-09-30,87.41399793892091,1983,0
TS-2300,Torrey,Smith,821,Maryland,38,3,152,2215,19,36,672,8006,54,0.2766674993754684,0.35185185185185186,-2,73,205,1989-01-26,108.40005407490692,1989,50.3571
TU-0200,Tiquan,Underwood,823,Rutgers,41,4,132,1931,16,47,833,11744,79,0.16442438692098094,0.20253164556962025,6,73,175,1987-02-17,101.42825730770114,1987,25.7949
TW-1075,Tony,Washington,912,Appalachian State,42,4,139,1837,10,49,1031,12390,82,0.1482647296206618,0.12195121951219512,7,70,195,1990-10-18,95.10745313214449,1990,4.5
TW-1100,Todd,Watkins,99001,Brigham Young,22,2,101,1720,15,22,566,6796,45,0.25309005297233667,0.3333333333333333,0,75,185,1983-06-22,98.71678847073285,1983,9
TW-2270,Terrance,Williams,25354,Baylor,48,4,202,3334,27,48,1182,15577,110,0.21403351094562495,0.24545454545454545,0,74,208,1989-09-08,103.27168774078505,1989,46.7031
TW-3200,Troy,Williamson,911,South Carolina,20,2,74,1263,9,23,337,4540,25,0.27819383259911895,0.36,3,73,203,1983-04-30,116.5711407169375,1983,23.4792
TW-3400,Travis,Wilson,25354,Oklahoma,30,3,100,1265,16,36,746,9541,89,0.13258568284246935,0.1797752808988764,6,73,210,1984-02-11,105.20083765412545,1984,10.6667
TW-3900,Timothy,Wright,823,Rutgers,19,2,50,596,4,24,479,5849,44,0.10189776030090614,0.09090909090909091,5,76,220,1990-04-07,91.72110204007426,1990,26.6765
TY-0300,Titus,Young,5486,Boise State,43,4,204,3063,25,49,1200,15312,142,0.20003918495297807,0.176056338028169,6,71,174,1989-08-21,90.3575275975944,1989,37.8889
VB-0300,Vincent,Brown,5486,San Diego State,41,4,209,3110,23,48,1034,13159,85,0.23634014742761608,0.27058823529411763,7,71,184,1989-01-25,76.71219443351664,1989,27.6765
VC-0300,Victor,Cruz,875,Massachusetts,25,3,131,1958,11,36,661,8675,65,0.22570605187319884,0.16923076923076924,11,NA,NA,NA,NA,NA,68.2817
VM-0225,Vince,Mayle,905,Washington State,23,2,148,2022,16,24,1017,10945,87,0.1847418912745546,0.1839080459770115,1,74,224,1991-06-12,95.82221428694507,1991,0
VT-0300,Verran,Tucker,905,California,20,2,50,815,4,24,426,5385,44,0.15134633240482823,0.09090909090909091,4,NA,NA,NA,NA,NA,13.2222
WR-0400,Willie,Reid,821,Florida State,30,3,85,1009,3,35,767,9717,58,0.10383863332304209,0.05172413793103448,5,70,190,1982-09-19,107.10868282102432,1982,10.8
WS-0925,Willie,Snead,875,Ball State,35,3,223,2991,26,36,958,10640,83,0.281109022556391,0.3132530120481928,1,71,195,1992-10-17,90.19972975561487,1992,62.8333
WW-0200,Wes,Welker,25354,Texas Tech,13,1,97,1099,9,12,507,6211,53,0.17694413137981002,0.16981132075471697,-1,NA,NA,NA,NA,NA,57.7005
YF-0100,Yamon,Figurs,25354,Kansas State,28,3,73,1144,6,34,554,6817,37,0.16781575473082,0.16216216216216217,6,72,174,1983-01-10,101.79007201647596,1983,3.1212
